Doctor_ID,First_Name,Last_Name,Address,Mobile_Number,Email,License_No,Speciality,Weekly_working_hours
4000,Minerva,Mcdowell,9781 Sagittis. St.,3131277834,Duis@Suspendissedui.edu,2,SDW28XPX3MU,39
4001,Kai,Bradley,"P.O. Box 950, 4050 Egestas St.",3737787775,arcu@QuisquevariusNam.co.uk,2,FGG02POE0LD,32
4002,Chava,Brown,9327 Sagittis St.,6666668303,enim.Etiam@netusetmalesuada.edu,4,PXF35IMC6MR,35
4003,Lucas,Ratliff,"P.O. Box 444, 3800 Lacus, Ave",5726473006,odio.a.purus@vel.ca,10,MZM85BYP2OY,28
4004,Althea,Ross,"P.O. Box 527, 1908 Praesent Ave",8866883184,fames.ac.turpis@semmolestie.ca,5,NFX81IIY3ZA,34
4005,Keaton,Michael,Ap #829-6781 Nibh. St.,6845364062,tellus@luctusetultrices.co.uk,5,AUS86BDA3MP,35
4006,Gareth,Malone,"P.O. Box 564, 9860 Lorem. Street",9291874079,tempus@luctussitamet.co.uk,6,NUF15DKC3XQ,26
4007,Madaline,Wise,5248 Ipsum. Rd.,5859347284,Nullam.nisl@augue.net,6,EOC28TRZ5FL,35
4008,Amber,Richmond,"P.O. Box 895, 5101 Lobortis St.",9643522406,mi.ac@nibh.co.uk,5,NYE08QXF5RY,32
4009,Liberty,Jarvis,Ap #306-8370 Est Road,9246411766,purus.sapien@condimentum.co.uk,4,BPS14ABP8IC,30
4010,Emmanuel,Huber,238-9627 Quisque St.,6150906086,eu.odio@In.net,2,KOY78FBM1QV,33
4011,Alexis,Freeman,"P.O. Box 559, 8390 Praesent St.",3391969276,molestie.tellus@purus.org,2,FFZ23OPM2ZH,38
4012,Guy,Schroeder,Ap #687-5102 Arcu Av.,2708976858,molestie.tortor.nibh@interdumliberodui.org,9,BIC16OWF3KR,35
4013,Jin,Douglas,"653-2537 Vel, St.",4241388710,Nulla.eu.neque@aliquam.org,8,AIE85PXL3EK,31
4014,Keaton,Nunez,6150 Ridiculus St.,3989187010,metus.vitae@elitsedconsequat.ca,5,DUE58OJY1EA,38
4015,Kaitlin,Howe,"P.O. Box 625, 5905 Nullam Street",0563015753,leo.Morbi@egettincidunt.net,8,VIY37BVS7EN,32
4016,Lareina,Russell,"P.O. Box 219, 3496 Integer Rd.",5456308139,libero.et@dictumplacerataugue.edu,9,YSN73WVZ0JE,36
4017,Rooney,Pickett,Ap #752-3609 Tempor Road,3741778429,egestas@sollicitudina.edu,8,TMF42KXA4SJ,32
4018,Kai,Dixon,"P.O. Box 498, 4149 Felis Street",9628761329,Aliquam.tincidunt.nunc@risusInmi.com,1,STD55OML7VU,30
4019,Ethan,Chan,"P.O. Box 804, 8958 Est. St.",3106479718,dolor@bibendum.net,10,TRG11EMR9MT,34
4020,Keaton,Ewing,7518 Sapien Av.,2563939425,dictum.eu@euismodestarcu.net,7,UYJ41AZF3IA,27
4021,Natalie,Schroeder,"Ap #993-8678 Sed, Road",5319874372,vulputate@arcuVestibulumut.ca,10,SST66IBZ9KG,36
4022,Liberty,Shepherd,Ap #298-4808 Diam. Rd.,7923835935,et@tellus.co.uk,3,ANO28KFL9AH,37
4023,Erin,Collier,Ap #174-4214 Pede St.,2975349136,Nam.ligula@tortordictum.ca,7,QUY65RNF7SF,29
4024,Dolan,Bond,Ap #104-1916 Auctor Rd.,0420727832,convallis.in@ipsumnunc.net,10,VSV61HUP4KX,31
4025,Barrett,Levy,676-7301 Tincidunt Avenue,0566017640,a.felis@semperegestas.com,7,KSX93JYS6NA,37
4026,Marvin,Lynn,4868 Leo. Road,1243538416,nisl.Nulla.eu@montes.co.uk,10,EDL13FGB1MJ,28
4027,Angela,Wolf,7954 Ac St.,4883625593,Aliquam.auctor.velit@tortorNunccommodo.ca,8,OYL80MKR4TJ,38
4028,Abraham,Reilly,"P.O. Box 298, 9202 Purus Street",6489588929,ornare@vulputate.org,9,QAU22VAB6GX,39
4029,Henry,Walters,4349 Ligula. St.,8755776092,Quisque.porttitor@montesnascetur.co.uk,3,WOK65KGI5OZ,32
4030,Hedy,Forbes,662-1333 Vestibulum Road,9317476266,odio@sociis.com,2,VHT38AIA4BX,35
4031,April,Morton,Ap #890-1632 Sed Street,7075716573,metus@blandit.edu,6,MNH49UNC9OP,30
4032,Blair,Richards,6578 Dolor Rd.,2754201739,aliquam@dictumultriciesligula.org,3,QCN88PKK7VV,36
4033,Hedwig,Macias,6908 Augue St.,1859442685,mollis.Integer@risus.net,3,JLT99DTG3EY,40
4034,Brenden,Bird,Ap #141-9308 Ipsum Av.,6363095799,Aenean.eget@vitaesodales.net,8,SRA39WDS5UK,25
4035,Chiquita,Hurley,"P.O. Box 448, 1441 Nulla Rd.",1743324212,et.netus.et@ategestasa.com,7,THL19QUI5UK,39
4036,Cora,Navarro,1055 Metus. Rd.,2659951399,libero.Donec.consectetuer@Mauris.net,10,AKM12KXG7ME,35
4037,Illana,Cross,903-6594 Aliquam Av.,7635766802,habitant@Sedmolestie.net,6,MMX77BCE6VQ,39
4038,Zachary,Middleton,2141 Blandit Street,3270148421,porttitor@actellus.co.uk,1,YHF66JME1ZZ,28
4039,Guy,Kirkland,4213 Libero Street,6417121622,eget@consequatlectussit.edu,1,WZP42FCZ3SK,29
4040,Jonas,Lane,680-1648 Sem. Road,4171349228,mauris.Suspendisse.aliquet@aliquetlobortis.com,5,WEY54WQE3SE,27
4041,Gabriel,Acosta,971-8494 Bibendum St.,5749066301,sollicitudin.commodo.ipsum@at.net,10,SVP64CKH7TP,40
4042,Bradley,Cole,1734 Eu St.,9254739893,arcu@Nuncsollicitudin.com,3,PQY96IXJ4BV,35
4043,Baxter,Horn,Ap #262-8836 Scelerisque St.,2518869648,ante.ipsum@semconsequatnec.org,9,XQV83WOJ7MD,30
4044,Hector,Mcintyre,"P.O. Box 724, 4462 Et Street",7027200612,Phasellus.dapibus.quam@consectetueradipiscing.co.uk,9,HVX79QZV8QH,28
4045,Jelani,Whitehead,"P.O. Box 886, 714 Purus Av.",0410843503,fringilla@mi.net,6,HOK29WDV8II,27
4046,Nichole,Middleton,Ap #120-4758 Lobortis Rd.,3399397912,Proin@magnaSuspendissetristique.edu,9,JMJ93ZGY5TV,29
4047,Lucy,Baird,"P.O. Box 124, 3599 Dui. Ave",9683396840,lorem.Donec@porttitorinterdum.net,7,FEQ91JFM9PT,40
4048,Caryn,Mercer,"P.O. Box 482, 5696 At Road",3078069319,erat.in@ac.co.uk,1,GKA90WHC2YW,32
4049,Patrick,Jacobson,Ap #103-5085 Mi Road,7412740193,mauris.sapien@ligulaconsectetuer.net,3,PPQ24WCX3NV,38
4050,Gage,Herman,304-8337 Diam Ave,1282807887,ut@eueuismod.edu,9,BPD46NKS1VP,27
4051,Georgia,Morrison,"Ap #511-308 Vulputate, St.",6743577296,natoque.penatibus.et@vitae.org,7,JJZ66OYL0LX,32
4052,Paloma,Castaneda,729-1866 Urna. Avenue,2577915427,litora@liberoatauctor.net,6,TMP45CZT9JP,37
4053,Ian,Patton,9278 Luctus St.,1867816054,nulla@Phaselluselitpede.org,5,TJJ54FAW2FC,40
4054,Cooper,Adams,"P.O. Box 230, 6436 Quis Road",9650413851,ipsum.dolor@nibhvulputatemauris.co.uk,6,NYQ80PHF6PT,38
4055,Jin,Campbell,"P.O. Box 191, 463 Ipsum St.",0144252559,a.mi@facilisisvitaeorci.org,10,BBC88VDX7GX,25
4056,Rogan,Barrera,"867-9441 Elit, St.",4699201053,urna.Nullam.lobortis@idliberoDonec.com,8,EZP70JKJ6LX,31
4057,Benedict,Roberson,308-9512 Lacus Road,7477404979,Donec.est@nonduinec.net,6,HAC94RIO2YL,39
4058,Kessie,Poole,"P.O. Box 455, 7611 Justo. Ave",8436549119,eu.neque@ac.net,1,GUZ59IYW8WG,33
4059,Quentin,Howard,Ap #123-3239 Aliquam Road,7874001929,lacus.Aliquam@Nullainterdum.edu,6,NFV31AUV9SC,31
4060,Isadora,Hurst,"P.O. Box 406, 1861 Auctor, Street",4521821598,fermentum.fermentum.arcu@porttitorinterdum.org,9,DBH18NXW3FO,35
4061,Chava,Shannon,556-7556 Nec Rd.,9549576035,a.aliquet@cursusin.ca,5,KQB95NQB2FD,39
4062,Scott,Mueller,"Ap #632-4701 Est, Street",4453801731,in.faucibus@consequatauctor.com,10,WIN52IMM5WD,27
4063,Gage,England,Ap #584-9998 Tortor Rd.,3971262161,Maecenas.ornare.egestas@Mauris.ca,10,HPA20WZM4JK,35
4064,Lareina,Mendoza,"P.O. Box 564, 730 Donec Ave",5237437182,natoque@pedeultrices.net,9,COH06GWW3YJ,34
4065,Forrest,Mitchell,"P.O. Box 689, 449 In Rd.",8110892705,magnis@pellentesquetellussem.ca,8,KZA03NVF1AM,34
4066,Slade,Mendez,"P.O. Box 544, 1090 Feugiat Rd.",2665965889,a.arcu@nequevenenatis.net,6,KAX07ATX4LH,29
4067,Maryam,Potts,7284 Lacus Rd.,9071162514,enim@elementum.com,2,KSA50LYB5OE,38
4068,Julie,Orr,"P.O. Box 119, 2084 Praesent Street",6270805332,congue.elit.sed@euenim.com,2,SPD54NVV3CG,35
4069,Pearl,Bender,128-9210 Orci. St.,6514985167,enim@non.co.uk,1,WOK19FOZ4CM,25
4070,Kerry,Figueroa,Ap #616-3346 Enim St.,8734547051,Duis@placerat.co.uk,5,URV39VBP2ZS,39
4071,Nyssa,Townsend,1120 Orci Ave,6357950615,ultrices@rhoncus.edu,5,PAW85QII3RV,32
4072,Martha,Delacruz,Ap #280-7660 Integer Ave,8036849115,elit.pretium@orci.co.uk,3,YKW50KGE1KS,25
4073,Nola,Kent,Ap #276-9513 Sodales. Road,8227637024,a.sollicitudin.orci@velvulputateeu.net,1,LAC88LOV5XK,35
4074,Kimberly,Stein,"P.O. Box 452, 8371 Arcu. Rd.",5219030398,Pellentesque.habitant@non.edu,7,MNA54SKG7BJ,37
4075,Tad,Summers,Ap #931-6871 Ut Ave,2738345616,ridiculus@atiaculis.co.uk,2,KPQ66NSU1TB,33
4076,Adam,Knapp,1255 Nisl Rd.,4934484964,ipsum.Phasellus@arcuimperdietullamcorper.co.uk,10,STF25XPB3LJ,30
4077,Quon,Gay,Ap #730-6624 Pharetra Road,1512443925,luctus.ut.pellentesque@eros.ca,8,ZGJ92NUG5ZX,29
4078,Debra,Casey,Ap #595-9120 Ante Street,5513048426,tellus.justo.sit@urna.ca,9,PKM20DFT8YH,26
4079,William,Dorsey,"P.O. Box 447, 4648 Nisl St.",1434936367,dictum@Sed.ca,2,VFR46WAI0OW,40
4080,Lance,Mathews,289-7870 Arcu. Avenue,6949847115,et.eros.Proin@turpisnonenim.net,3,YVB25RHP9DQ,27
4081,Inez,Leonard,Ap #803-7517 Sed Rd.,8906631224,Nullam@gravidamaurisut.ca,5,XNR39ULF8IE,40
4082,Amal,Byers,"373-2323 Tellus, Street",2188670877,nisi@loremac.ca,6,SEJ23CLM9SW,32
4083,Abel,Griffith,379-7702 Donec Rd.,1486098532,diam.dictum.sapien@pharetrasedhendrerit.net,1,EOW63PSB1MK,40
4084,Shea,Marks,840 Dolor Street,3499888376,adipiscing@apurus.net,7,TXG34HQA8EC,37
4085,Justina,Mendez,7892 Vel Av.,9859275381,neque@quam.co.uk,1,NKH20VGV1GR,38
4086,Roary,Cardenas,"P.O. Box 271, 9263 Velit. Rd.",9108558068,tristique.senectus.et@non.co.uk,9,GFQ29FEE7HB,33
4087,Laith,Newton,"P.O. Box 432, 6133 Non Road",4499592320,Fusce.dolor@rutrumloremac.ca,2,PIU12MRO8CJ,37
4088,Melanie,Wynn,"P.O. Box 913, 2395 Molestie Avenue",5874538949,adipiscing@dolorsitamet.edu,8,AMV52SJP9RY,31
4089,James,Guerrero,2862 Etiam Ave,0829290205,sit.amet.consectetuer@lectusquis.ca,2,GGP72FNK3WU,33
4090,Chase,Beard,Ap #180-6147 Quisque Street,5962854843,Proin.sed.turpis@mattisCras.com,4,HRQ38KQS5PY,34
4091,Laurel,Sellers,458-9584 In Road,1521257762,magna@metusfacilisislorem.com,7,XHI53FNJ4LJ,30
4092,Garth,Carver,682-3292 Eu Avenue,1811662665,ultrices.sit.amet@orciluctuset.ca,1,UMF73DGW1GF,33
4093,Madeline,Michael,Ap #768-8908 Dignissim Rd.,4578010473,Vivamus.nisi@aodiosemper.org,7,XZH10REB8XW,26
4094,Ryder,Lawson,8945 Eleifend. St.,3636278146,neque.Morbi.quis@cursusIntegermollis.net,3,WPY75OOX9CH,33
4095,Veda,Klein,Ap #260-7349 Curae; Rd.,7946112193,ligula.Aliquam.erat@aliquamadipiscinglacus.edu,2,LJQ98DPV1VD,36
4096,Rebecca,Hancock,146-9939 Adipiscing Street,8752224220,malesuada.Integer.id@facilisisloremtristique.edu,9,JJO60AJU4LN,28
4097,Chaim,Savage,"P.O. Box 927, 1808 Tortor Rd.",8896138210,ultrices.posuere.cubilia@Duisrisus.co.uk,8,MKY34RTK5JI,27
4098,Constance,Dunn,"P.O. Box 113, 9951 Non Street",6472457802,Pellentesque@massanonante.org,6,LKP75AES1VZ,38
4099,Ivory,Stevenson,Ap #556-9808 Vitae Avenue,5875169594,Maecenas.mi@consequatnecmollis.org,1,RFQ41IBW0NF,32
